Reactor ;Tratamiento ;Tasa ;Proteina;Carbohidratos
1;Fertilizante;0.4907;0.23940544;0.09525641
2;Fertilizante;0.4905;0.224225174;0.106153846
3;Fertilizante;0.4859;0.252688172;0.117051282
4;Fertilizante;0.5041;0.212839975;0.122820513
5;Fertilizante;0.3285;0.220430108;0.140128205
1;Control ;0.5389;0.216635041;0.167051282
2;Control ;0.4149;0.212839975;0.140769231
3;Control ;0.3677;0.241302973;0.106153846
